label,speedAverage,speedMinimum,speedQuartile1,speedMedian,speedQuartile3,speedMaximum,speedVariance,elevationGradientAverage,elevationGradientMinimum,elevationGradientQuartile1,elevationGradientMedian,elevationGradientQuartile3,elevationGradientMaximum,elevationGradientVariance,heartRateAverage,heartRateMinimum,heartRateQuartile1,heartRateMedian,heartRateQuartile3,heartRateMaximum,heartRateVariance
regular,0,0,5.47327,8.31737,9.45938,14.4132,0,0,-0.449337,-0.0345458,0,0.0400716,0.228633,0,0,56,89,154.2,171,190,0
regular,0,0,6.27976,9.12979,10.4358,13.4943,0,0,-0.251038,-0.0154864,0,0.0133211,0.266779,0,0,68,145.2,173.4,179.4,202,0
regular,0,0,9.41388,11.3654,12.6818,18.2099,0,0,-0.425655,-0.0335749,0.00612763,0.0719767,0.384981,0,0,60,175.2,182.2,188,210,0
overTraining,0,0,8.48458,9.48739,10.2649,14.6034,0,0,-0.0855265,-0.00787591,0,0.00790036,0.136678,0,0,52.2,146.4,175.2,179.6,194,0
regular,0,0,7.6261,9.11675,10.3429,15.3024,0,0,-0.679495,-0.0360337,0,0.0389399,0.256845,0,0,51.2,158.8,170.6,174.6,199.4,0
